,Question,Answer
0,can you recommend effective core ab exercises?,"sure! planks, bicycle crunches, and leg raises are great for targeting core muscles. incorporate these exercises into your routine and focus on engaging your core during other workouts too."
1,how can i incorporate physical activity into my day if i have a busy schedule?,"take the stairs instead of the elevator whenever possible, do simple bodyweight exercises at your desk, park further away from your destination so you have to walk a few extra minutes, take a yoga or pilates class when you have free time, organize a group of friends to do weekly hikes."
2,why is physical activity important?,"regular physical activity can help maintain your weight, reduce stress, and improve your heart health. aim for at least 150 minutes of moderate-intensity aerobic exercise, such as brisk walking or swimming, per week."
3,how can i manage stress and maintain a healthy work-life balance?,"move your body. exercise regularly and engage in physical activities, like walking or biking."
4,i have a busy travel schedule. how can i maintain my fitness routine?,"travel can disrupt routines, but it's manageable. pack resistance bands for strength training on the go. opt for bodyweight exercises and explore active options in your travel destinations."
5,how can i optimize my nutrition to support my fitness goals?,"focus on balanced macronutrients, such as lean proteins, complex carbs, and healthy fats. adjust calorie intake based on whether you aim to gain muscle or lose fat."
6,i'm new to the gym and feeling overwhelmed. where should i start?,"don't worry, starting at the gym can be intimidating, but it's all about taking small steps. begin with a simple full body workout routine that includes exercises like squats, push-ups, and lunges. consistency is key!"
7,how can i improve flexibility?,"flexibility improves with consistency. dynamic stretches before workouts and static stretches after, help. you can also try yoga or pilates. breathe deeply and be patient. over time, flexibility will increase."
8,how can i increase my running endurance?,gradually increase your running distance each week. mix in interval training and hill sprints. focus on proper breathing and pacing. rest and recovery are equally important for building endurance.
9,how do i prevent muscle soreness after a tough workout?,"soreness is normal, but you can manage it. prioritize post workout stretching and cool downs. active recovery like light walking helps. stay hydrated, and consider foam rolling or gentle yoga."
10,can you provide guidance on finding the right fitness program or workout routine for my goals?,"define your goals, whether it's strength, endurance, fat loss, or a combination. research and choose a program aligned with your preferences and time commitment."
11,can you suggest protein packed snacks post workout?,"of course! after workouts, aim for protein and carbs. options include a protein smoothie, greek yogurt with berries, a turkey or chicken wrap, or almonds with fruit. these aid energy replenishment and recovery."
12,"how can i establish a positive and sustainable approach to fitness and exercise, rather than focusing on quick fixes or extreme regimens?","find a qualified personal trainer, sports medicine specialist, or dietitian who can guide you in achieving your goals. be realistic and patient with yourself. progress takes time and you may not always see results immediately. aim to make small changes over time that are lasting and sustainable."
13,i've reached my weight goal. what's next?,"congratulations! transition to a maintenance plan. adjust your calorie intake, focus on strength training, and continue a balanced diet. setting new fitness goals will keep you motivated."
14,how do i prevent overtraining and burnout?,"listen to your body. incorporate rest days, prioritize sleep, and include active recovery in your routine. vary your workouts to prevent monotony, and don't hesitate to take breaks when needed."
15,are there any specific exercises that can help improve flexibility and balance?,stretching is a great way to improve flexibility and balance. incorporating regular stretching into your daily routine will help keep your body limber and strong. yoga is another great activity for improving flexibility and balance. pilates is another excellent activity as well.
16,how can i improve my posture?,good posture is essential. strengthen core muscles with exercises like planks and bridges. be mindful of your sitting and standing positions. consider yoga or pilates to enhance flexibility and alignment.
17,how do i build strong glutes?,"strong glutes are important for overall strength. incorporate exercises like squats, lunges, deadlifts, and hip thrusts into your routine. vary your reps and weights for optimal muscle development."
18,how do i find the right balance between cardio and strength training in my fitness routine?,cardio vs strength balance depends on your goals. aim for at least 150 minutes of moderate-intensity cardio per week and 2-3 strength sessions. adjust ratios based on whether you prioritize endurance or muscle growth.
19,what's the role of rest in muscle growth?,rest is essential for muscle recovery and growth. muscles repair and strengthen during rest periods. aim for 48 hours between working the same muscle groups and prioritize quality sleep.
20,is it possible to build muscle while losing weight?,"yes, it's possible but challenging. focus on a slight calorie deficit, prioritize protein intake, and incorporate strength training. accept that muscle gains may be slower during weight loss phases."
21,"what's the importance of warming up before a workout, and how can i do it effectively?",start with dynamic stretches and movements that mimic the workout and gradually increase your heart rate and blood flow. warming up reduces injury risk and improves performance.
22,what are some effective ways to improve cardiovascular fitness?,"you should aim for at least 30 minutes of physical activity a day for improved heart health. vary your routine with different types of exercise for a full body cardiovascular workout. add strength training to your routine so you can build and strengthen your heart muscle. eat a balanced diet. focus on eating a variety of vegetables, fruits, whole grains, lean proteins, and healthy fats."
23,what are some effective strategies for incorporating regular exercise into my daily routine?,"choose days and times that work with your busy schedule. commit to 10-20 minutes of exercise each day and build up from there. exercise with friends or join a class to stay accountable. whether its yoga, walking, running, or swimming, make sure to move your body every day."
24,how can i incorporate more physical activity into my daily routine if i have a sedentary job?,"take regular breaks throughout the day to get up and stretch or walk. park further away from the office and walk the extra distance. do a few exercises at your desk, for example go through a few sets of wall sits, chair squats or lunges."
25,how can i develop a consistent exercise routine and stay motivated to achieve my fitness goals?,"set realistic and achievable fitness goals to help motivate you. consider what days and times you are available to exercise, as well as which workouts you will do. changing your routine will keep it interesting and prevent you from getting bored. if you're feeling stuck in your routine, try something different."
26,i've hit a plateau in my squat progress. any tips to increase weight?,squat plateaus happen. focus on progressive overload by gradually increasing weights. ensure proper form and consider incorporating accessory exercises like bulgarian split squats or box squats.
27,how important is hydration during workouts?,"hydration is vital. drink water before, during, and after workouts. dehydration can hinder performance and recovery. electrolyte-rich drinks may be helpful for intense or prolonged exercise."
28,how can i overcome a fitness plateau and continue making progress?,"change workout variables like intensity, volume, or exercise selection. incorporate periodization and variety. analyze nutrition and sleep habits. a coach or trainer can provide fresh perspectives and insights."
29,what are some effective ways to prevent muscle soreness after a workout?,"in your post workout recovery incorporate cool down stretches, foam rolling, and light aerobic activity after exercising. adequate hydration, proper nutrition, and gradual progression also help reduce muscle soreness."
30,what's the difference between static and dynamic stretching?,"static stretching involves holding a stretch position, while dynamic stretching involves controlled movements. dynamic stretches are better before workouts, while static stretches are best after."
31,how can i set achievable fitness goals that keep me motivated?,"make goals specific, measurable, achievable, relevant, and time bound. break larger goals into smaller milestones. regularly evaluate progress and adjust goals as needed."
32,can you recommend stretches for after a long day of sitting?,"stretching can alleviate tension. try seated forward bends, neck stretches and seated spinal twists. consider short breaks to stand and move around throughout the day to prevent stiffness."
33,how can i minimize the negative effects of a sedentary lifestyle?,"try to get up and move around at least once every hour. take regular breaks throughout the day, even if its only for a few minutes. aim for 30 minutes of exercise at least 5 days per week. even if you dont have a lot of time for traditional exercise, any type of movement counts."
34,how can i increase my motivation for early morning workouts?,"morning workouts can be tough, but setting a consistent routine and having a pre workout snack can help. lay out your workout gear the night before, and remind yourself of your goals to stay motivated."
35,i have a sedentary job. what can i do to be more active?,"set an alarm to go off every 20 minutes, and take a quick stretch break, walk for five minutes around your office or outside. working out doesn't have to require a lot of time. start with a few 10-minute bursts of activity throughout the day."
36,how can i stay active during the winter months?,"winter can be challenging, but there are options. try indoor activities like home workouts, yoga, or dance. bundle up for outdoor walks or snow sports. keep moving to maintain your fitness level."
37,i'm struggling to get back on track after a break. any tips?,"it's normal to have setbacks. start slow, set achievable goals, and gradually increase intensity. reestablish routines, focus on nutrition, and celebrate small victories along the way."
38,"i'm trying to build muscle, but not seeing results. what am i doing wrong?","building muscle takes time. ensure enough protein intake, practice progressive overload, and prioritize rest. consider adjusting your routine to break through plateaus. stay consistent for progress."
39,what are some effective strategies for staying hydrated during workouts?,"drink water before, during, and after workouts. include electrolytes for longer sessions. dehydration impairs performance and recovery."
40,what's the best way to stay motivated on days i don't feel like working out?,"everyone has those days! set achievable goals, find a workout buddy or join classes for accountability. remember how great you feel after a workout. take it step by step and be kind to yourself."
41,how can i stay motivated to work out regularly?,"set clear goals, track progress, and reward yourself for achievements. vary your routine to prevent boredom and find an exercise buddy or coach for accountability."
42,what are some effective ways to maintain bone health?,"aim for at least 30 minutes of physical activity most days of the week, including weight bearing activities like running, jogging, or walking. make sure your diet includes enough calcium to support strong, healthy bones."
43,what's the significance of recovery days?,"recovery days allow muscles to repair and prevent overtraining. focus on light activities, stretching, and self-care. balancing intense workouts with adequate recovery supports long-term progress."
44,what's your advice for staying consistent with a busy schedule?,"consistency is key, even with a busy schedule. prioritize workouts, schedule them like appointments, and involve friends for accountability. remember, even short workouts are better than none."
45,is it better to work out in the morning or evening?,"the best time to work out is when you feel most energetic and consistent. morning workouts can boost metabolism, while evening workouts can provide stress relief. choose a time that suits you."
46,can you provide tips for maintaining fitness while traveling or on vacation?,"pack resistance bands, explore bodyweight workouts, and stay active through sightseeing. opt for hotel gyms or outdoor activities. prioritize movement, and adapt your routine to the available resources."
47,what's the best way to recover after a tough workout?,"recovery is crucial. hydrate well, refuel with protein and carbs, and prioritize sleep. active recovery, like light swimming or walking, can help. don't neglect stretching and foam rolling for sore muscles."
48,how does regular physical activity contribute to overall health?,"it reduces the risk of various health problems, such as heart disease, stroke, diabetes, obesity, and some forms of cancer. it can also improve mental health and reduce stress. it can increase energy levels, help to strengthen bones and muscles, and improve the functioning of the heart and lungs."
49,what are some enjoyable ways to stay active?,"there are many enjoyable ways to stay active. taking regular walks or hikes, biking, swimming, and playing sports or active games are all great ways to get moving. gardening and yard work can also be a great way to stay active and get outdoors."
50,"what's the connection between sleep and fitness, and how does sleep impact my workouts?","quality sleep aids muscle recovery, hormone regulation, and mental focus. aim for 7-9 hours of sleep. poor sleep hinders performance, mood, and overall health."
51,what is physical activity?,"physical activity, according to the world health organization (who), encompasses any movement performed by the body's muscles that requires energy expenditure. this includes activities during leisure time, transportation, or work."
52,how often should I engage in activities to strengthen my muscles?,it's recommended to engage in muscle-strengthening activities at least 2 days a week.
53,which muscle groups should I focus on during muscle-strengthening activities?,"you should work all the major muscle groups of your body, including legs, hips, back, chest, abdomen, shoulders, and arms."
54,how many repetitions should I aim for during muscle-strengthening activities?,"aim for 8-12 repetitions per activity, which counts as 1 set."
55,what are some examples of muscle-strengthening activities I can do?,"common examples of activities that contribute to physical activity include walking, cycling, engaging in sports, participating in recreational activities, and playful activities."
56,what should i do if I find it easy to complete a set of muscle-strengthening activities?,"if you find it easy, try increasing the intensity until it's hard for you to complete another repetition without help."
57,whats the ideal stretching routine?,"healthy adults should do flexibility exercises (stretches, yoga, or tai chi) for all major muscle-tendon groups at least two to three times a week.for optimal results, you should spend a total of 60 seconds on each stretching exercise."
58,should i keep exercising if i can't lose weight?,of course! don't stop exercising. why? because regular exercise brings enormous health benefits even if you can't get down to a healthy weight.
59,why use an activity tracker?,"by tracking steps you can ascertain whether or not you are meeting the physical activity guidelines (150 minutes of moderate to vigorous physical activity per week).it also allows you to track how you’re progressing with any personal activity goals, and view your progress over time."
60,what is progressive overload training?,"progressive overload is when you gradually increase the weight, frequency, or number of repetitions in your strength training routine. this challenges your body and allows your musculoskeletal system to get stronger."
61,what are the best exercises for lowering blood pressure?,planks and wall sits.
62,how does physical inactivity impact health?,physical inactivity is a leading risk factor for noncommunicable diseases mortality. individuals who are insufficiently active face a 20 to 30 increased risk of death compared to those who are sufficiently active.
63,how to gain muscles?,building muscle requires your body to deposit more protein molecules into your muscles than it removes. resistance training with weights and ensuring proper nutrition are the primary means for accomplishing this goal.
64,what are some health improvements seen in children and adolescents due to physical activity?,"physical activity in children and adolescents improves physical fitness, cardiometabolic health, bone health, cognitive outcomes, mental health by reducing symptoms of depression, and reduces adiposity."
65,what are the benefits of higher levels of physical activity in adults and older adults?,"higher levels of physical activity in adults and older adults improve the risk of all-cause mortality, cardiovascular disease mortality, incident hypertension, incident site-specific cancers, incident type-2 diabetes, prevention of falls, mental health by reducing symptoms of anxiety and depression, cognitive health, and sleep. measures of adiposity may also improve."
66,what maternal and fetal health benefits does physical activity confer for pregnant and post-partum women?,"physical activity for pregnant and post-partum women decreases the risk of pre-eclampsia, gestational hypertension, gestational diabetes, excessive gestational weight gain, delivery complications, postpartum depression, and newborn complications. importantly, physical activity has no adverse effects on birthweight or increased risk of stillbirth."
67,how quickly do i become unfit if i stop strength training?,"for strength training, some gains in muscle force can be shown in as little as two weeks, but changes in muscle size won’t be seen until around 8-12 weeks."
68,is one kind of aerobic activity better for weight loss than others?,"yes and no. generally speaking, activities that require you to carry your own weight, such as walking or stair climbing, use more calories than those that support your weight for you, like biking. however, the most important part of weight loss is just doing something. so if you can't stand walking, but you love to bike, then biking is your answer because it's far better than doing nothing at all. you may just have to do a little longer to burn the same amount of calories. you also want to be sure to choose something that you enjoy and will be motivated to do regularly."
69,what is a weight-lifting superset?,a superset is performing a set of two different exercises back-to-back with little rest in between. these can help boost the aerobic intensity of your weight-lifting and reduce the time you need for each workout.
70,what are the risks of supersets?,the biggest risk of supersets is that fatigue may make maintaining proper technique more difficult.
71,i have zero equipment. what exercises to do at home?,"planks, push-ups, chair squats, step-ups and step-downs."
72,do i need a sports drink?,"probably not. unless you're going to be doing aerobic activities for more than an hour, sports drinks don't help you. water is a great choice for staying hydrated. just remember to drink it!"
73,what are some anaerobic exercise?,"sprints, isometric exercises, weight training, interval training."
74,what is interval training?,its a type of training exercise that involves a series of high intensity workouts interspersed with rest or break periods.
75,what is high intensity interval training?,"high intensity interval training (hiit) consists of repeated, short bursts of exercise, completed at a high level of intensity. these sets of intense activity are followed by a predetermined time of rest or low intensity activity."
76,is hula hoop a good exercise?,"keeping an exercise hoop spinning for any length of time requires you to activate lots of muscle groups. it takes all of the core muscles and the muscles in your backside, upper legs and calves. that’s the same amount of muscles you activate with walking, jogging or cycling."
77,what muscles do planks work?,"the plank is considered a full body workout. in particular, it targets your abdominal and lower back muscles."
78,what are some benefits of doing planks?,"the plank is a great exercise for increasing core strength, reducing the risk of back injury, and improving athletic performance."
79,what exercises to do for whole-body workout?,"try push-ups, pull-ups, squats, burpees, planks, deadlifts, lunges."
80,i want to improve my cardiovascular fitness. do I have to run?,"while running is one way to become more fit, it is not the only way. any movement that gets your heart rate up and makes you breathe harder will increase your fitness level. some suggestions include dancing, swimming, biking, or rowing. the most important thing is to choose something you like and stick with it."
81,what to know about running?,"running works the big muscles of the lower legs, but can also provide a moderate upper body workout. running is high intensity and weight bearing. it’s one of the simplest exercises you can do to get your heart rate up quickly and burn some serious calories."
82,how to perform planks correctly?,"when performing a plank, keep your core engaged, maintain a neutral spine, and be sure to breathe. this will help you perform the plank correctly and target the correct muscles."
83,what to know about swimming?,swimming can provide a top-notch cardiovascular workout along with gentle resistance training that can help you build muscle strength. the water provides more resistance than air as you move through it. swimming is a great way to get the cardio you need without the weight bearing and pounding impact of running.
84,what to know about cycling?,cycling is a low-impact cardio exercise.it focuses on the lower legs. it can provide an intense aerobic workout if you’re working hard enough.
85,what are the benefits of kickboxing?,"the benefits of kick boxing are: full body aerobic workout, cardiovascular conditioning, strength building and weight loss potential."
86,what are the best workout exercise for upper body?,"some good exercises for upper body are: hand cycling, swimming, rowing, push-up variations, plank variations, pull-ups, overhead press."
87,what exercises to do to ease shoulder pain?,"you can try stretches with wall angles, internal rotation at 90 degrees with a band, external rotation at 90-degree abduction with a band."
88,how physically active should kids and teenagers be?,"children and adolescents aged 5-17 years should aim for at least 60 minutes of moderate to vigorous intensity physical activity per day, including aerobic activities, muscle-strengthening exercises, and bone-strengthening activities. it's important to limit sedentary behavior, especially recreational screen time, and encourage a variety of physical activities to promote overall health and well-being."
89,how physically active should adults be?,"adults aged 18-64 years should aim for at least 150-300 minutes of moderate intensity aerobic physical activity per week, or 75-150 minutes of vigorous-intensity activity, along with muscle strengthening activities on 2 or more days a week. it's important to minimize sedentary behavior and incorporate physical activity into daily routines to maintain overall health and well-being."
90,how does physical activity contribute to the health of older adults aged 65 years and above?,"physical activity is crucial for older adults as it helps enhance functional capacity, prevents falls, and improves overall well-being. guidelines recommend engaging in varied multicomponent physical activities emphasizing functional balance and strength training on 3 or more days a week to maintain health and independence."
91,i'm a senior citizen and want to stay active. what types of physical activities should i focus on?,"as a senior citizen, it's important to engage in activities that improve balance, strength, and flexibility to maintain mobility and independence. consider activities like walking, swimming, tai chi, or yoga, along with strength training exercises using resistance bands or light weights to support overall health and well-being."
92,what are the recommended guidelines for physical activity during pregnancy and postpartum?,pregnant and postpartum women should aim for at least 150 minutes of moderate intensity aerobic physical activity throughout the week. it's important to incorporate a variety of aerobic and muscle strengthening activities while limiting sedentary time to promote overall health and well-being during this period.
93,i'm pregnant and want to maintain a healthy lifestyle. what types of exercises are safe for me?,"during pregnancy, focus on low impact exercises such as walking, swimming, prenatal yoga, or stationary cycling, which are generally safe and beneficial. it's essential to consult with a healthcare provider before starting any exercise routine and listen to your body's signals to ensure safety and comfort."
94,how can physical activity benefit individuals living with chronic conditions such as hypertension or diabetes?,"physical activity plays a crucial role in managing chronic conditions by improving cardiovascular health, controlling blood sugar levels, and enhancing overall well-being. guidelines recommend at least 150-300 minutes of moderate-intensity aerobic physical activity per week, along with muscle-strengthening activities, to support optimal health outcomes for individuals with chronic conditions."
95,i have type 2 diabetes. what types of exercises can help me manage my condition?,"for individuals with type 2 diabetes, engaging in regular aerobic exercises such as walking, cycling, or swimming can help improve blood sugar control and reduce the risk of complications. incorporating strength training exercises into your routine can also enhance muscle health and metabolic function."
96,what are some isometric exercises?,"some isometric exercises are: wall sit, hollow body hold, static slide lunge, iso hang, incline push up hold, single leg stand."
97,my child has a disability. what are some suitable physical activities they can participate in?,"there are many adaptive sports and activities available for children with disabilities, including wheelchair basketball, adaptive swimming, and seated yoga. it's essential to explore options that cater to your child's abilities and interests, and consulting with healthcare professionals or adaptive sports organizations can provide guidance on suitable activities."
98,how long does it take to train for a marathon?,at least 26 weeks – a full six months.
99,can yoga help me lose weight?,"if you approach yoga correctly, it can change your relationship to your body and make you want to honor and respect it in a way that, for some people, may cause weight loss as a side effect."
